<?xml version="1.0" encoding="UTF-8 ?>
<empresa>
    <id>Porquets, SA</id>
    <empleats>
        <departaments>
            <departament>
                <nom-departament>Direcció</nom-departament>
                <treballadors>
                    <cap>
                        <nom>Marcelí Puigpelat Boix</nom>
                    </cap>
                </treballadors>
            </departament>            
            <departament>
                <nom-departament>Vendes</nom-departament>
                <treballadors>
                    <cap>
                        <nom>Manel Ferrarons Gutierrez</nom>
                    </cap>
                    <treballador>
                        <nom>Marina Serra Garcia</nom>
                    </treballador>
                    <treballador>
                        <nom>Frederic Gomis Pérez</nom>
                    </treballador>
                    <treballador>
                        <nom>Marià Torres Torres</nom>
                    </treballador>
                </treballadors>
            </departament>
            <departament>
                <nom-departament>Compres</nom-departament>
                <treballador>
                    <nom>Joan Puig Capallera</nom>                 
                </treballador>
                <cap>
                    <nom>Joana Falcó Castelló</nom>
                </cap>
                <treballador>
                    <nom>Sílvia Herrera Cots</nom>
                </treballador>
            </departament>
        </departaments>
    </empleats>    
</empresa>