<?xml version="1.0" encoding="UTF-8"?>
<lliga>
    <jornada num="1">
        <partit num="1">
            <dia>23-12-2010</dia>
            <equip juga="local">
                <nom>F.C. Masarach</nom>
                <resultat>2</resultat>
                <gols>
                    <jugador>Palol</jugador>
                    <jugador>Palol</jugador>
                </gols>                
            </equip>
            
            <equip juga="visitant">
                <nom>U.E.Cabanes</nom>
                <resultat>0</resultat>
                <gols/>
            </equip>
        </partit>
        
        <partit num="2">
            <dia>23-12-2010</dia>
            <equip juga="local">
                <nom>C.E.Vilatenim</nom>
                <resultat>1</resultat>
                <gols>
                    <jugador>Pinxito</jugador>
                </gols>
            </equip>
            <equip juga="visitant">
                <nom>Reial Vilabertran</nom>
                <resultat>1</resultat>
                <gols>
                    <jugador>Moreno</jugador>
                </gols>
            </equip>
        </partit>
    </jornada>
    
    <jornada num="2">
        
        <partit num="1">
            <dia>30-12-2010</dia>

            <equip juga="local">
                <nom>C.E.Vilatenim</nom>
                <resultat>2</resultat>
                <gols>
                    <jugador>Pinxito</jugador>
                    <jugador>Bramón</jugador>
                </gols>
            </equip>

            <equip juga="visitant">
                <nom>F.C. Masarach</nom>
                <resultat>1</resultat>
                <gols>
                    <jugador>Garcia</jugador>
                </gols>
            </equip>
        </partit>
        
        <partit num="2">
            <dia>31-12-2010</dia>

            <equip juga="local">
                <nom>Reial Vilabertran</nom>
                <resultat>0</resultat>
                <gols/>
            </equip>

            <equip juga="visitant">
                <nom>U.E.Cabanes</nom>
                <resultat>4</resultat>
                <gols>
                    <jugador>Filomenu</jugador>
                    <jugador>Filomenu</jugador>
                    <jugador>Federicu</jugador>
                    <jugador>Filomenu</jugador>
                </gols>
            </equip>
        </partit>
        
    </jornada>
    
    <jornada num="3">

        <partit num="1">
            <dia>07-01-2011</dia>
            
            <equip juga="local">
                <nom>F.C. Masarach</nom>
                <resultat>0</resultat>
                <gols/>                
            </equip>
            
            <equip juga="visitant">
                <nom>Reial Vilabertran</nom>
                <resultat>0</resultat>
                <gols/>                
            </equip>            
        </partit>
        
        <partit num="2">
            <dia>07-01-2011</dia>
            
            <equip juga="local">
                <nom>C.E.Vilatenim</nom>
                <resultat>1</resultat>
                <gols>
                    <jugador>Pinxito</jugador>
                </gols>
            </equip>
            
            <equip juga="visitant">
                <nom>U.E.Cabanes</nom>
                <resultat>2</resultat>
                <gols>
                    <jugador>Filomenu</jugador>
                    <jugador>Filomenu</jugador>
                </gols>
            </equip>            
        </partit>
        
    </jornada>
    
    <jornada num="4">
        
        <partit num="1">
            <dia>14-01-2011</dia>
            
            <equip juga="local">
                <nom>Reial Vilabertran</nom>
                <resultat>0</resultat>
                <gols/>                
            </equip>
            
            <equip juga="visitant">
                <nom>F.C. Masarach</nom>
                <resultat>1</resultat>
                <gols>
                    <jugador>Pere</jugador>
                </gols>
            </equip>            
        </partit>
        
        <partit num="2">
            <dia>15-01-2011</dia>
            
            <equip juga="local">
                <nom>U.E.Cabanes</nom>
                <resultat>5</resultat>
                <gols>
                    <jugador>Filomenu</jugador>
                    <jugador>Federicu</jugador>
                    <jugador>Manolito</jugador>
                    <jugador>Filomenu</jugador>
                    <jugador>Eustaquiu</jugador>
                </gols>
            </equip>
            
            <equip juga="visitant">
                <nom>C.E.Vilatenim</nom>
                <resultat>1</resultat>
                <gols>
                    <jugador>Pinxito</jugador>
                </gols>
            </equip>            
        </partit>
        
    </jornada>
    
    <jornada num="5">
                
        <partit num="1">
            <dia>21-01-2011</dia>
            
            <equip juga="local">
                <nom>F.C. Masarach</nom>
                <resultat>2</resultat>
                <gols>
                    <jugador>Mario</jugador>
                    <jugador>Palol</jugador>
                </gols>
            </equip>
            
            <equip juga="visitant">
                <nom>C.E.Vilatenim</nom>
                <resultat>2</resultat>
                <gols>
                    <jugador>Pinxito</jugador>
                    <jugador>Toni Moco</jugador>
                </gols>
            </equip>            
        </partit>
        
        <partit num="2">
            <dia>21-01-2011</dia>

            <equip juga="local">
                <nom>U.E.Cabanes</nom>
                <resultat>1</resultat>
                <gols>
                    <jugador>Filomenu</jugador>
                </gols>
            </equip>

            <equip juga="visitant">
                <nom>Reial Vilabertran</nom>
                <resultat>1</resultat>
                <gols>
                    <jugador>Bilis</jugador>
                </gols>
            </equip>
        </partit>
        
    </jornada>
    
    <jornada num="6">
  
        <partit num="1">
            <dia>27-01-2011</dia>

            <equip juga="local">
                <nom>U.E.Cabanes</nom>
                <resultat>3</resultat>
                <gols>
                    <jugador>Filomenu</jugador>
                    <jugador>Manolito</jugador>
                    <jugador>Filomenu</jugador>
                </gols>
            </equip>

            <equip juga="visitant">
                <nom>F.C. Masarach</nom>
                <resultat>1</resultat>
                <gols>
                    <jugador>Monster</jugador>
                </gols>
            </equip>
        </partit>
        
        <partit num="2">
            <dia>27-01-2011</dia>

            <equip juga="local">
                <nom>Reial Vilabertran</nom>
                <resultat>0</resultat>
                <gols/>                
            </equip>

            <equip juga="visitant">
                <nom>C.E.Vilatenim</nom>
                <resultat>2</resultat>
                <gols>
                    <jugador>Pinxito</jugador>
                    <jugador>Bramón</jugador>
                </gols>
            </equip>
        </partit>
        
    </jornada>

</lliga>