<?xml version="1.0" encoding="UTF-8"?>
<albara>
    <numero>6</numero>
    <data>2011-10-02</data>
    <client id="15">
        <nom>Maria Foix</nom>
        <poblacio>Badalona</poblacio>        
    </client>
    <articles>
        <compra>
            <article codi="9">
                <descripcio>Vi blanc. Viña Serea 75 cl</descripcio>
                <ampolla/>
                <preu>0.85</preu>
            </article>
            <quantitat>15</quantitat>
            <descompte>5%</descompte>
        </compra>        
    </articles>    
</albara>
