<?xml version="1.0" encoding="UTF-8"?>
<albara>
    <numero>8</numero>
    <data>2011-10-03</data>
    <client id="1">
        <nom>Pere Garcia</nom>
        <poblacio>Figueres</poblacio>        
    </client>
    <articles>
        <compra>
            <article codi="9">
                <descripcio>Vi Valdepeñas gran reserva. Viña Albali 75cl</descripcio>
                <ampolla/>
                <preu>4.98</preu>
            </article>
            <quantitat>3</quantitat>
        </compra>                
        <compra>
            <article codi="12">
                <descripcio>Vi negre Rioja reserva. Marques de Riscal 75 cl</descripcio>
                <ampolla/>
                <preu>12.85</preu>
            </article>
            <quantitat>1</quantitat>
        </compra>
        <compra>
            <article codi="58">
                <descripcio>Vi Ribera de Duero criança. Valpicia 75 cl</descripcio>
                <ampolla/>
                <preu>5,49</preu>
            </article>
            <quantitat>1</quantitat>
        </compra>                        
    </articles>    
</albara>

