<?xml version="1.0" encoding="UTF-8"?>
<albara>
    <numero>5</numero>
    <data>2011-10-02</data>
    <client id="1">
        <nom>Pere Garcia</nom>
        <poblacio>Figueres</poblacio>        
    </client>
    <articles>
        <compra>
            <article codi="12">
                <descripcio>Vi negre Rioja reserva. Marques de Riscal 75 cl</descripcio>
                <ampolla/>
                <preu>12.85</preu>
            </article>
            <quantitat>2</quantitat>
        </compra>
        <compra>
            <article codi="12">
                <descripcio>Vi Blanc D.O.Penedès. Vinya Sol Torres 75 cl</descripcio>
                <ampolla/>
                <preu>4.80</preu>
            </article>
            <quantitat>1</quantitat>
        </compra>        
    </articles>    
</albara>
