<?xml version="1.0" encoding="UTF-8" standalone="no"?>
<!DOCTYPE matricula SYSTEM "matricula.dtd">
<matricula>
  <cicle>Administració de sistemes Informàtics i Xarxes</cicle>
  <alumnes>
    <alumne>
      <nom>Federicu Pi</nom>
      <any>2010</any>
      <mòduls>
        <mòdul>XML</mòdul>
        <mòdul>Xarxes Locals</mòdul>
      </mòduls>
    </alumne>
    <alumne>
      <nom>Marcelinu Paivinu</nom>
      <any>2010</any>
      <mòduls>
        <mòdul>Xarxes Locals</mòdul>
      </mòduls>
    </alumne>
    <alumne>
      <nom>Filomeno Garcia</nom>
      <any>2010</any>
      <mòduls>
        <mòdul>Programació</mòdul>
        <mòdul>Xarxes Locals</mòdul>
      </mòduls>
    </alumne>
    <alumne>
      <nom>Eustaquio Pons</nom>
      <any>2009</any>
      <mòduls>
        <mòdul>XML</mòdul>
      </mòduls>
    </alumne>
    <alumne>
      <nom>Tomeu Bonys</nom>
      <any>2009</any>
      <mòduls>
        <mòdul>XML</mòdul>
        <mòdul>Programació</mòdul>
      </mòduls>
    </alumne>
    <alumne>
      <nom>Bernat Garengou</nom>
      <any>2010</any>
      <mòduls>
        <mòdul>XML</mòdul>
        <mòdul>Xarxes Locals</mòdul>
      </mòduls>
    </alumne>
    <alumne>
      <nom>Pere Nou</nom>
      <any>2010</any>
      <mòduls>
        <mòdul>Programació</mòdul>
      </mòduls>
    </alumne>
    <alumne>
      <nom>Bill Garcia</nom>
      <any>2010</any>
      <mòduls>
        <mòdul>XML</mòdul>
        <mòdul>Programació</mòdul>
        <mòdul>Xarxes Locals</mòdul>
      </mòduls>
    </alumne>
  </alumnes>
</matricula>
