<?xml version="1.0" encoding="UTF-8" standalone="no"?>
<?xml-stylesheet type="text/css" href="alumnes.css"?>
<alumnes>
  <centre>Institut Obert de Catalunya</centre>
  <modul>Llenguatges de marques i sistemes de gestió empresarial</modul>
  <professor>
       <nom>Mossen Pere Garcia Puigpelat</nom>     
  </professor>
  <alumnes>
     <alumne>
         <nom>Manel</nom>
         <cognom>Llopis</cognom>
         <cognom>Garcia</cognom>
         <unitats>
             <uf num="1">Si</uf>
             <uf num="2">Si</uf>
             <uf num="3">Si</uf>
             <uf num="4">Si</uf>
         </unitats>
     </alumne>
     <alumne>
         <nom>Pere</nom>
         <cognom>Boix</cognom>
         <cognom>Martinez</cognom>
         <unitats>
             <uf num="1">Si</uf>
             <uf num="2">Si</uf>
             <uf num="3">Si</uf>
             <uf num="4">Si</uf>
         </unitats>
     </alumne>
     <alumne>
         <nom>Joan</nom>
         <cognom>González</cognom>
         <cognom>Pérez</cognom>
         <unitats>
             <uf num="1">Si</uf>
             <uf num="2">No</uf>
             <uf num="3">Si</uf>
             <uf num="4">Si</uf>
         </unitats>
     </alumne>
     <alumne>
         <nom>Maria</nom>
         <cognom>Vila</cognom>
         <cognom>Ferrer</cognom>
         <unitats>
             <uf num="1">No</uf>
             <uf num="2">Si</uf>
             <uf num="3">Si</uf>
             <uf num="4">Si</uf>
         </unitats>
     </alumne>
     <alumne>
         <nom>Josep</nom>
         <cognom>Mención</cognom>
         <cognom>Pi</cognom>
         <unitats>
             <uf num="1">Si</uf>
             <uf num="2">Si</uf>
             <uf num="3">Si</uf>
             <uf num="4">Si</uf>
         </unitats>
     </alumne>     
     <alumne>
         <nom>Pilar</nom>
         <cognom>Rebarter</cognom>
         <cognom>Torres</cognom>
         <unitats>
             <uf num="1">No</uf>
             <uf num="2">No</uf>
             <uf num="3">No</uf>
             <uf num="4">Si</uf>
         </unitats>
     </alumne>
  </alumnes>
</alumnes>

