<?xml version="1.0" encoding="UTF-8"?>
<departament non="Informatica">
    <alumnes>
        <alumne>
            <nom>Federicu</nom>
            <cognom>Garcia</cognom>
            <cognom>Puig</cognom>
            <credits>
                <credit>
                    <nom>Llenguatges de marques</nom>
                    <nota>6</nota>                   
                </credit>
                <credit>
                    <nom>Programació</nom>
                    <nota>5</nota>
                </credit>
                <credit>
                    <nom>Base de dades</nom>
                    <nota>3</nota>
                </credit>
            </credits>
        </alumne>
        <alumne>
            <nom>Filomenu</nom>
            <cognom>Pi</cognom>
            <cognom>Bru</cognom>
            <credits>
                <credit>
                    <nom>Llenguatges de marques</nom>
                    <nota>10</nota>                   
                </credit>
                <credit>
                    <nom>Programació</nom>
                    <nota>9</nota>
                </credit>
                <credit>
                    <nom>Base de dades</nom>
                    <nota>10</nota>
                </credit>
            </credits>
        </alumne>
        <alumne>
            <nom>Manolito</nom>
            <cognom>Puigdevall</cognom>
            <cognom>Torres</cognom>
            <credits>
                <credit>
                    <nom>Llenguatges de marques</nom>
                    <nota>2</nota>                   
                </credit>
                <credit>
                    <nom>Programació</nom>
                    <nota>3</nota>
                </credit>
                <credit>
                    <nom>Base de dades</nom>
                    <nota>9</nota>
                </credit>
            </credits>
        </alumne>
        <alumne>
            <nom>Bernat</nom>
            <cognom>Alegria</cognom>
            <credits>
                <credit>
                    <nom>Llenguatges de marques</nom>
                    <nota>5</nota>                   
                </credit>
                <credit>
                    <nom>Programació</nom>
                    <nota>1</nota>
                </credit>
                <credit>
                    <nom>Base de dades</nom>
                    <nota>6</nota>
                </credit>
            </credits>
        </alumne>
        <alumne>
            <nom>Filibert</nom>
            <cognom>Blanch</cognom>
            <cognom>Blanch</cognom>
            <credits>
                <credit>
                    <nom>Llenguatges de marques</nom>
                    <nota>7</nota>                   
                </credit>
                <credit>
                    <nom>Programació</nom>
                    <nota>4</nota>
                </credit>
                <credit>
                    <nom>Base de dades</nom>
                    <nota>4</nota>
                </credit>
            </credits>
        </alumne>
        <alumne>
            <nom>Magdalena</nom>
            <cognom>Roig</cognom>
            <cognom>Fernández</cognom>
            <credits>
                <credit>
                    <nom>Llenguatges de marques</nom>
                    <nota>5</nota>                   
                </credit>
                <credit>
                    <nom>Programació</nom>
                    <nota>5</nota>
                </credit>
                <credit>
                    <nom>Base de dades</nom>
                    <nota>5</nota>
                </credit>
            </credits>
        </alumne>
        
    </alumnes>
</departament>
