<?xml version="1.0" ?>
<?xml-stylesheet href="temps.css" type="text/css" ?>
<temps>
    <poblacio>
        <nom>Girona</nom>
        <comarca>Gironès</comarca>
        <data>19-12-2011</data>
    </poblacio>
    <previsions>            
	<maxima>21</maxima>
        <minima>4</minima>
	<vent>24 km/h</vent>
        <previsio hora="08:00" estat="sol">
	    <graus>16</graus>
	</previsio>
	<previsio hora="14:00" estat="sol">
	    <graus>24</graus>
	</previsio>
	<previsio hora="20:00" estat="sol">
	    <graus>20</graus>
	</previsio>
    </previsions>                     
</temps>
